{"i":1000,"val_loss_history":[2.5362473834645],"val_loss_history_it":[1000],"forward_backward_times":{},"opt":{"max_epochs":50,"checkpoint_every":1000,"batch_size":50,"memory_benchmark":0,"init_from":"","grad_clip":5,"model_type":"lstm","lr_decay_every":5,"print_every":1,"wordvec_size":64,"seq_length":50,"input_json":"data\/input.json","num_layers":2,"input_h5":"data\/input.h5","reset_iterations":1,"rnn_size":128,"dropout":0,"checkpoint_name":"cv\/checkpoint","batchnorm":0,"learning_rate":0.002,"speed_benchmark":0,"gpu_backend":"cuda","lr_decay_factor":0.5,"gpu":-1},"train_loss_history":[5.2426023483276,5.1518583297729,5.025860786438,4.8216381072998,4.5579051971436,4.3148374557495,4.1099147796631,3.9407141208649,3.7591481208801,3.6427199840546,3.5849723815918,3.5251784324646,3.5263180732727,3.5283515453339,3.4977481365204,3.4495651721954,3.4407954216003,3.4636352062225,3.437652349472,3.4405453205109,3.376273393631,3.4009993076324,3.3649761676788,3.404899597168,3.3745036125183,3.3995313644409,3.4157328605652,3.4269444942474,3.3862972259521,3.4029080867767,3.3745651245117,3.4101960659027,3.4090847969055,3.3758218288422,3.3962285518646,3.4145858287811,3.3645067214966,3.3998460769653,3.4073331356049,3.3973793983459,3.3937249183655,3.4340410232544,3.3989231586456,3.3961808681488,3.3447289466858,3.388845205307,3.3502941131592,3.3670711517334,3.356210231781,3.3150980472565,3.3303589820862,3.3830506801605,3.322812795639,3.2996757030487,3.3061585426331,3.3045680522919,3.2780253887177,3.2333102226257,3.2970316410065,3.2302439212799,3.3051953315735,3.1906032562256,3.2088785171509,3.1824052333832,3.2289345264435,3.1692678928375,3.1661410331726,3.1552264690399,3.1379835605621,3.1138761043549,3.1523795127869,3.1231510639191,3.0703356266022,3.0728602409363,3.0777812004089,3.0677828788757,3.0632209777832,2.9823322296143,3.0551555156708,3.0547826290131,2.9919440746307,3.0129461288452,3.0309870243073,3.0244753360748,3.089362859726,3.1266016960144,3.0399646759033,3.0470173358917,3.0381686687469,3.0512683391571,2.9953620433807,2.9914858341217,3.009991645813,2.9552528858185,2.9377133846283,2.9359276294708,2.9307963848114,2.9146370887756,2.9013125896454,2.9019775390625,2.9417016506195,2.9050002098083,2.9053711891174,2.9071691036224,2.9004828929901,2.910302400589,2.9015407562256,2.8713073730469,2.8423552513123,2.8276031017303,2.8389678001404,2.8099455833435,2.8526422977448,2.7605550289154,2.780734539032,2.7732884883881,2.811815738678,2.7486524581909,2.7719278335571,2.8124070167542,2.8131883144379,2.758650302887,2.7879223823547,2.7602000236511,2.8130550384521,2.8096258640289,2.7505633831024,2.7769863605499,2.7727434635162,2.7370810508728,2.764021396637,2.7835328578949,2.7927196025848,2.7732203006744,2.8066422939301,2.7873721122742,2.7710800170898,2.7118990421295,2.7667715549469,2.7329063415527,2.7642815113068,2.7427735328674,2.7121839523315,2.7347121238708,2.8105173110962,2.7299745082855,2.7393717765808,2.7118484973907,2.7397840023041,2.7392957210541,2.6887476444244,2.7543592453003,2.6955010890961,2.7743721008301,2.6755955219269,2.685432434082,2.682932138443,2.7490992546082,2.6765978336334,2.695383310318,2.7080783843994,2.6791152954102,2.6638634204865,2.7072741985321,2.6803071498871,2.6468729972839,2.6389400959015,2.6701617240906,2.6822259426117,2.6818923950195,2.6106221675873,2.6934549808502,2.7094135284424,2.6600081920624,2.6865503787994,2.6887998580933,2.7035772800446,2.7486977577209,2.821141242981,2.7381255626678,2.7580256462097,2.7491769790649,2.785010099411,2.7377064228058,2.7269082069397,2.7523591518402,2.7246963977814,2.6986362934113,2.6827831268311,2.6993355751038,2.6682941913605,2.6655254364014,2.656667470932,2.7111518383026,2.6659359931946,2.6835713386536,2.7053396701813,2.7126398086548,2.713846206665,2.698947429657,2.6654739379883,2.644243478775,2.6210222244263,2.6508021354675,2.6211960315704,2.6809177398682,2.5923590660095,2.6041512489319,2.6025311946869,2.6528563499451,2.6036157608032,2.6240890026093,2.6604936122894,2.6583931446075,2.6186072826385,2.6473155021667,2.6089217662811,2.6786725521088,2.6719536781311,2.6065118312836,2.6533570289612,2.6480944156647,2.6070976257324,2.6289732456207,2.6468760967255,2.6668510437012,2.6549561023712,2.6599550247192,2.6444711685181,2.6400098800659,2.5859167575836,2.6304123401642,2.5946073532104,2.6370561122894,2.6215467453003,2.601026058197,2.6196854114532,2.6908586025238,2.6129941940308,2.6391348838806,2.5947575569153,2.6444668769836,2.6304774284363,2.5778150558472,2.639595746994,2.5857570171356,2.648604631424,2.5713384151459,2.5947933197021,2.583530664444,2.6413903236389,2.5700480937958,2.587052822113,2.6189467906952,2.5762627124786,2.5625977516174,2.603853225708,2.5865149497986,2.5565462112427,2.5422930717468,2.5597188472748,2.5910382270813,2.5865159034729,2.5190088748932,2.5944063663483,2.603880405426,2.5776498317719,2.6001822948456,2.5851399898529,2.605217218399,2.6188430786133,2.6740016937256,2.5941250324249,2.6254827976227,2.6114897727966,2.644636631012,2.6103348731995,2.5890653133392,2.6169512271881,2.5870022773743,2.5765862464905,2.5479402542114,2.5757040977478,2.5503993034363,2.5407438278198,2.5245671272278,2.5824077129364,2.5516347885132,2.5782461166382,2.5631432533264,2.5669803619385,2.5506501197815,2.5870687961578,2.5528643131256,2.5742213726044,2.5359337329865,2.5737278461456,2.5446977615356,2.6118457317352,2.5156650543213,2.5285286903381,2.5219693183899,2.5593004226685,2.5488193035126,2.5370500087738,2.5782353878021,2.5808231830597,2.5512473583221,2.5667650699615,2.5314471721649,2.6003229618073,2.5927264690399,2.5352249145508,2.58575963974,2.5725958347321,2.5346915721893,2.55206823349,2.5698955059052,2.5898430347443,2.5896756649017,2.577285528183,2.5685124397278,2.5632383823395,2.5161371231079,2.5540919303894,2.5090293884277,2.5645790100098,2.5402810573578,2.533109664917,2.547696352005,2.6134378910065,2.5333833694458,2.573098897934,2.522367477417,2.5848133563995,2.5597772598267,2.5112726688385,2.567458152771,2.5214414596558,2.5722596645355,2.5041475296021,2.5360398292542,2.5233709812164,2.583069562912,2.5104601383209,2.5176501274109,2.5620129108429,2.5238509178162,2.5066733360291,2.538622379303,2.5300271511078,2.4940967559814,2.4882230758667,2.4979956150055,2.5305104255676,2.5227024555206,2.4680061340332,2.5327425003052,2.5390684604645,2.5136842727661,2.5515763759613,2.5222723484039,2.5365204811096,2.5296714305878,2.5735993385315,2.5060727596283,2.5385420322418,2.5094306468964,2.5518469810486,2.5268459320068,2.5001592636108,2.5251944065094,2.5162150859833,2.4956257343292,2.4700820446014,2.4922735691071,2.4685611724854,2.4647271633148,2.4442670345306,2.5012936592102,2.4737553596497,2.5000655651093,2.4868724346161,2.490339756012,2.4698126316071,2.5189235210419,2.4885621070862,2.5238046646118,2.4720857143402,2.5199184417725,2.4909288883209,2.5637307167053,2.4648151397705,2.4669556617737,2.4638617038727,2.4994735717773,2.5003046989441,2.4821779727936,2.5205512046814,2.5227088928223,2.5000958442688,2.5174350738525,2.483047246933,2.5408203601837,2.528648853302,2.4882769584656,2.533796787262,2.5194852352142,2.4810237884521,2.490220785141,2.5177602767944,2.5357098579407,2.5421230792999,2.5163383483887,2.514867067337,2.5172295570374,2.4640667438507,2.504953622818,2.4493579864502,2.5173680782318,2.4802589416504,2.4908452033997,2.4961721897125,2.5596935749054,2.4821708202362,2.5262382030487,2.467716217041,2.5379974842072,2.5076465606689,2.4706964492798,2.51891040802,2.4749226570129,2.5203487873077,2.4497413635254,2.4893589019775,2.4799914360046,2.5406873226166,2.4680905342102,2.4667940139771,2.5236558914185,2.4844846725464,2.4661464691162,2.5007750988007,2.4922571182251,2.4593572616577,2.4560832977295,2.4559981822968,2.4894099235535,2.4872665405273,2.4363238811493,2.4926662445068,2.4929528236389,2.4798600673676,2.5157127380371,2.4789087772369,2.4995193481445,2.4796633720398,2.5238938331604,2.4628596305847,2.5041928291321,2.4687149524689,2.5172507762909,2.4944491386414,2.464982509613,2.4720048904419,2.4738473892212,